Time,ox_n2_p,ox_tank_p,ox_ereg_angle,ox_feedforward,ox_proportional_term,ox_kp,fuel_n2_p,fuel_tank_p,fuel_ereg_angle,fuel_feedforward,fuel_proportional_term,fuel_kp,chamber_p,ox_inj_p,fuel_inj_p,fuel_inj_T,fuel_vdot,impulse_integral,ox_main_angle,fuel_main_angle,thrust,n2_fill_p
-4.914821533203053,178.68641845766226,45.101166446476235,0.0,23.08905029296875,5.557213397880786e-40,15.0,179.16968251781452,45.519835752306854,950.0,115.93602752685548,5.557213397880786e-40,15.0,1.0851234197616575,1.0450783967971802,1.0451829433441162,30.8046875,0.0,0.0,0.0,0.0,-36.30810955752779,216.28104971520952
-4.714742919921832,178.67514090292485,45.07664260398157,0.0,23.08905029296875,5.557213397880786e-40,15.0,179.25227299229584,45.5302395085672,950.0,115.93602752685548,5.557213397880786e-40,15.0,1.0915287733078003,1.0607261657714844,1.0286990404129028,30.8125,0.0,0.0,0.0,0.0,-59.02095543289799,216.2342628112531
-4.514469482421873,178.66385236679992,45.05209488168098,0.0,23.08905029296875,5.557213397880786e-40,15.0,179.2197360314144,45.53045820200203,950.0,115.93602752685548,5.557213397880786e-40,15.0,1.088676929473877,1.0407036542892456,1.0447498559951782,30.7890625,0.0,0.0,0.0,0.0,-52.959833440550874,216.33019476333052
-4.316244873046799,178.71301144216253,45.05184276170954,0.0,23.08905029296875,5.557213397880786e-40,15.0,179.17656799659918,45.52499776377729,950.0,115.93602752685548,5.557213397880786e-40,15.0,1.0759706497192385,1.0462430715560913,1.0414800643920898,30.7421875,0.0,0.0,0.0,0.0,-53.772594420700806,216.33230260943043
-4.113739501953091,178.7406611025145,45.03480791940865,0.0,23.08905029296875,5.557213397880786e-40,15.0,179.20576159519965,45.52292199608992,950.0,115.93602752685548,5.557213397880786e-40,15.0,1.084675431251526,1.0385833978652954,1.042092204093933,30.765625,0.0,0.0,0.0,0.0,-50.42781589236347,216.34913042393794
-3.9146437988281377,178.72391650846984,44.9890148318422,0.0,23.08905029296875,5.557213397880786e-40,15.0,179.1970138349566,45.526258755340216,950.0,115.93602752685548,5.557213397880786e-40,15.0,1.0819729566574097,1.0431523323059082,1.033656120300293,30.78125,0.0,0.0,0.0,0.0,-38.98288748442518,216.45659674174112
-3.7137304687499864,178.7071941894343,44.99231672649005,0.0,23.08905029296875,5.557213397880786e-40,15.0,179.09908576322093,45.49867308493693,950.0,115.93602752685548,5.557213397880786e-40,15.0,1.0791659355163574,1.0387625694274902,1.0337308645248413,30.65625,0.0,0.0,0.0,0.0,-35.528090360842114,216.37379230765742
-3.5131237792968477,178.6866686320414,44.98010508732944,0.0,23.08905029296875,5.557213397880786e-40,15.0,179.18236349607616,45.50114637669815,950.0,115.93602752685548,5.557213397880786e-40,15.0,1.0799871683120728,1.0526633262634275,1.0327155590057373,30.7890625,0.0,0.0,0.0,0.0,-44.035880258090806,216.47367368386617
-3.3127988281249827,178.66029514803233,44.935185039430316,0.0,23.08905029296875,5.557213397880786e-40,15.0,179.0573345685375,45.48130282911184,950.0,115.93602752685548,5.557213397880786e-40,15.0,1.0716854333877563,1.0302518606185913,1.0319092273712158,30.7265625,0.0,0.0,0.0,0.0,-49.05686563351853,216.4954197977344
-3.11080175781251,178.67268529344315,44.9193913247561,0.0,23.08905029296875,5.557213397880786e-40,15.0,179.04789238384654,45.48051130008927,950.0,115.93602752685548,5.557213397880786e-40,15.0,1.0872435569763184,1.0436002016067505,1.036746859550476,30.7421875,0.0,0.0,0.0,0.0,-48.32084951493379,216.5357575957724
-2.9117900390624527,178.66978874038836,44.89740672424985,0.0,23.08905029296875,5.557213397880786e-40,15.0,179.06870470719915,45.47063951005545,950.0,115.93602752685548,5.557213397880786e-40,15.0,1.0852428674697876,1.0288633108139038,1.0210095643997192,30.6953125,0.0,0.0,0.0,0.0,-51.67926197424174,216.5432686676712
-2.7115244140625236,178.63783442088146,44.86081338223575,0.0,23.08905029296875,5.557213397880786e-40,15.0,179.1035763103703,45.46544063881184,950.0,115.93602752685548,0.04390088839892533,15.0,1.075582504272461,1.0278629064559937,1.0290573835372925,30.6796875,0.0,0.0,0.0,0.0,-42.6982676834744,216.54562677744372
-2.5091459960937073,178.68095301243744,44.844037919580636,0.0,23.08905029296875,5.557213397880786e-40,15.0,179.08027373787837,45.47028438147436,950.0,115.93602752685548,1.5319918188660904,15.0,1.1079678535461426,1.0774637460708618,1.0573368072509766,30.515625,0.0,0.0,0.0,0.0,-48.990294553114566,216.56302145598906
-2.309560302734326,178.6999616898105,44.823841042817634,0.0,23.08905029296875,5.557213397880786e-40,15.0,179.07022949088955,45.46095692841683,950.0,115.93602752685548,5.557213397880786e-40,15.0,1.1080275774002075,1.0728799104690552,1.0716854333877563,30.5859375,0.0,0.0,0.0,0.0,-58.98572029289107,216.53866525629624
-2.1094975585937163,178.67319851396508,44.795139861319505,0.0,23.08905029296875,5.557213397880786e-40,15.0,179.04652177002484,45.453401630470786,950.0,115.93602752685548,5.557213397880786e-40,15.0,1.079628825187683,1.05139422416687,1.0298188924789429,30.5859375,0.0,0.0,0.0,0.0,-49.24737348357044,216.62138799884568
-1.909219726562469,178.65284725508118,44.772993984036994,0.0,23.08905029296875,5.557213397880786e-40,15.0,179.056092657633,45.45467184204222,950.0,115.93602752685548,5.557213397880786e-40,15.0,1.0962917804718018,1.0655338764190674,1.0583072900772097,30.6484375,0.0,0.0,0.0,0.0,-43.24395820018192,216.64346014286014
-1.7066723632812,178.62176249708074,44.74922841555653,0.0,23.08905029296875,5.557213397880786e-40,15.0,179.07556256445716,45.45419862148664,950.0,115.93602752685548,5.557213397880786e-40,15.0,1.093230962753296,1.0752241611480713,1.0557540655136108,30.5859375,0.0,0.0,0.0,0.0,-51.47715641649586,216.6412863372247
-1.5063671875000182,178.57481437618253,44.72267512560299,0.0,23.08905029296875,5.557213397880786e-40,15.0,178.9946533217987,45.4331117439771,950.0,115.93602752685548,5.557213397880786e-40,15.0,1.0915138721466064,1.07417893409729,1.0489306449890137,30.578125,0.0,0.0,0.0,0.0,-52.97003037839348,216.65379872528294
-1.3063132324218714,178.58540773484015,44.703321608116376,0.0,23.08905029296875,5.557213397880786e-40,15.0,178.97180514825322,45.43630354408366,950.0,115.93602752685548,5.557213397880786e-40,15.0,1.109460949897766,1.079315185546875,1.058620810508728,30.71875,0.0,0.0,0.0,0.0,-53.82607170593766,216.69366459738515
-1.1047236328124654,178.589536581092,44.6800032554753,0.0,23.08905029296875,5.557213397880786e-40,15.0,178.94826009624535,45.43471755145911,950.0,115.93602752685548,5.557213397880786e-40,15.0,1.1117603778839111,1.0683708190917969,1.0469298362731934,30.625,0.0,0.0,0.0,0.0,-52.53326662079975,216.7257141658565
-0.9042578124999636,178.57561396699285,44.650292031404845,0.0,23.08905029296875,5.557213397880786e-40,15.0,178.98795935356745,45.421188183674666,950.0,115.93602752685548,5.557213397880786e-40,15.0,1.109580397605896,1.0805096626281738,1.0583072900772097,30.671875,0.0,0.0,0.0,0.0,-56.461042232669726,216.67653828668801
-0.7028718261718723,178.56190125600864,44.632536742001065,0.0,23.08905029296875,5.557213397880786e-40,15.0,178.88016269081567,45.40601798572348,950.0,115.93602752685548,5.557213397880786e-40,15.0,1.1092966794967651,1.059247970581055,1.0410171747207642,30.578125,0.0,0.0,0.0,0.0,-54.00259698719687,216.6666637541313
-0.5005388183593595,178.55558497065115,44.615834794037,0.0,23.08905029296875,5.557213397880786e-40,15.0,178.88224850983997,45.393178805151585,950.0,115.93602752685548,5.557213397880786e-40,15.0,1.0765529870986938,1.021188735961914,1.0209946632385254,30.5859375,0.0,0.0,0.0,0.0,-40.47664307033402,216.65194250834168
-0.30238281250001364,178.55914276163531,44.59941498901742,0.0,23.08905029296875,5.557213397880786e-40,15.0,178.8355732311255,45.388643369286854,950.0,115.93602752685548,5.557213397880786e-40,15.0,1.1159559488296509,1.0603678226470947,1.0575906038284302,30.5625,0.0,0.0,0.0,0.0,-38.51532346677102,216.67876473543564
-0.10159057617181588,178.5453621021683,44.573980960634344,0.0,23.08905029296875,5.557213397880786e-40,15.0,178.85979262232004,45.38331359999231,950.0,115.93602752685548,5.557213397880786e-40,15.0,1.1151944398880005,1.0540220737457275,1.049527883529663,30.46875,0.0,0.0,0.0,0.0,-41.09128281829514,216.70193438861713
0.09924511718747908,178.53087899654162,44.54994985348097,0.0,23.08905029296875,5.557213397880786e-40,15.0,178.96267903664065,45.405006786913134,950.0,115.93602752685548,5.557213397880786e-40,15.0,1.0881394147872925,1.0267878770828247,1.0389865636825562,30.5859375,0.0392281897366046,0.0,0.0,0.0,-41.507170627197034,216.70299866549968
0.30166235351566684,178.5176853137485,44.52891603913643,0.0,23.08905029296875,5.557213397880786e-40,15.0,178.96066059701985,45.409570730851534,950.0,115.8866263793979,5.557213397880786e-40,14.398073890850036,1.0641005039215088,1.027624011039734,1.0301175117492676,30.53125,0.0,0.0,0.0,0.0,-66.50881616809562,216.73918402208855
0.5005024414062973,178.51948663366466,44.51670550758066,30.6682006306965,21.087191639297153,5.557213397880786e-40,8.385647492867673,178.84883856897167,45.374372996113266,950.0,114.67872614079822,5.557213397880786e-40,-0.319463246283898,1.0695204734802246,1.0372246503829956,1.0282660722732544,30.4609375,0.0216993205249309,366.8681640625,66.0,4.0,-60.77313896977132,216.81791171845518
0.70932812500007,178.51619527196846,44.009597693086604,50.0,19.825317133058352,5.557213397880786e-40,4.600629151657351,178.89273883062927,45.2293103378513,950.0,114.6787109375,5.557213397880786e-40,-0.19567993788682467,1.279868721961975,6.283180236816406,1.242660641670227,30.53125,0.1025314331054687,11199.23828125,66.0,22.0,-65.76779391738091,216.71626677179225
0.9006047363280913,178.50580005716367,42.98764664920895,50.0,19.825324412620542,5.557213397880786e-40,5.385486978269981,178.8933533079101,41.6686516368447,951.041584347277,114.67871132113176,5.557213397880786e-40,2.8427505518446146,2.237619400024414,21.69123649597168,2.1953048706054688,30.4921875,0.6492151618003845,82892.1796875,66.0,40.0,-270.3832006534664,216.75030296605848
1.1041484375000437,168.0826500393528,40.844277567735205,192.55448763801184,19.83312189570793,5.557213397880786e-40,7.031595072382544,177.77669581589473,34.18186793537809,1238.9911647567667,114.6790593928099,5.557213397880786e-40,9.23147337015484,-18.66318702697754,34.62051773071289,29.204572677612305,30.515625,0.7367905974388123,2205222.0,66.0,58.0,-6323.319182788864,216.78243344753497
1.3040134277343896,150.90010445283377,39.707739984967596,277.1334065712155,19.848528060908457,5.557213397880786e-40,7.9044560810056295,146.77731449089887,39.155876838545225,1196.103832250512,114.68929016134152,5.426155623559638e-40,4.986985303203624,-9.145554542541504,35.03229904174805,31.42774200439453,30.5078125,0.7999288439750671,5342764.5,66.0,66.0,-6857.717051425538,216.8428949084365
1.5061218261719205,125.58506229002344,39.93395586778325,275.12730143985164,19.873373774179896,5.557213397880786e-40,7.730721665686718,129.3706336570746,43.60218265152724,1158.5519108183303,114.69659417473741,1.9154824644771733e-41,1.1928049686906272,1.3628404140472412,35.631839752197266,32.703941345214844,30.3828125,1.0724539756774902,-1196157.0,66.0,66.0,-6922.018183820677,216.84422548926588
1.705671386718791,116.40730561819493,40.326197664323544,272.51666734311186,19.884776446526935,5.557213397880786e-40,7.429480158863186,120.37671608755191,45.031369554321124,1145.85298881205,114.70097392478614,0.08432446865891244,-0.02676746420979753,4.4192657470703125,36.06554412841797,33.43730926513672,31.4609375,1.0894250869750977,-2082701.75,66.0,66.0,-6964.2133444283,216.70238857156977
1.907175292968759,109.31877094702497,40.62803998770176,270.4184671848609,19.894445110804096,5.557213397880786e-40,7.197665583708973,113.64404691481067,45.64986782749696,1140.9299263616565,114.70459142603544,2.800971444209661,-0.5545558713617165,17.12664222717285,36.4570198059082,33.83677291870117,35.4921875,1.132352352142334,9280533.0,66.0,66.0,-6977.872296751827,216.87075556028952
2.109195800781322,103.62655855030619,40.792153089731535,269.07526992554926,19.90291618345484,5.557213397880786e-40,7.071627154318891,107.9282938387456,45.98028403116933,1137.976593566149,114.70792313325134,0.06712873779217969,-0.8365072607641989,35.26985168457031,36.502349853515625,33.89664840698242,39.0078125,1.2203668355941772,95502864.0,66.0,66.0,-6981.2157023049895,216.85655410350628
2.309963867187548,98.6690448776302,40.80731865316546,269.0,19.91113232425655,5.557213397880786e-40,7.059979847900153,102.79459980638714,46.096194853331,1137.0232202547766,114.711151360703,2.867960929870605,-0.935418077914962,27.09501266479492,36.52755355834961,33.943756103515625,40.84375,1.270501971244812,134568944.0,66.0,66.0,-7020.057559344906,216.91091149761198
2.508421142578186,94.13490694144579,40.790691318256805,269.291186879347,19.919037754153216,5.557213397880786e-40,7.072749379054387,98.00386916027142,46.03980695892458,1138.0035005334612,114.71438191775147,2.857921536669965,-0.8873034905403981,34.25845718383789,36.56752395629883,33.88639068603516,45.8671875,1.174894094467163,297182304.0,66.0,66.0,-7032.292114008603,216.90903683765478
2.707853271484396,89.99347878664919,40.74476748284607,269.9556086415806,19.926721296680267,5.557213397880786e-40,7.108018524741191,93.5959479098349,45.8426555190369,1139.0088191333955,114.71757704312412,0.008430976671113206,-0.7190649264135736,30.01864242553711,36.47784805297852,33.87118911743164,48.8671875,1.1548656225204468,371629728.0,66.0,66.0,-6958.769320828383,216.809865514113
2.909816406250002,85.94632879348465,40.48010064069099,271.88393521126085,19.934983048045886,5.557213397880786e-40,7.311283208005925,89.38833715173442,45.581462463973104,1142.0100587500021,114.72084384999913,2.863647971825882,-0.49618102063654507,28.614946365356445,36.22743988037109,33.66596221923828,50.0859375,1.269040584564209,473616480.0,66.0,66.0,-6939.917403757673,216.96597197889486
3.107860839843738,81.95959860126334,40.203115466824535,274.14533048287433,19.94359011921956,5.557213397880786e-40,7.524008109375356,85.43944001095028,45.2092891229801,1145.0097149530166,114.72413408931806,1.585796252680754,-0.17859115323659716,40.513702392578125,36.05289459228516,33.498390197753906,53.984375,1.1824572086334229,822615104.0,66.0,66.0,-6924.762061816144,216.92558681065597
3.309596923828167,77.86125040389783,39.91787638098243,276.82289672648216,19.952980711661947,5.557213397880786e-40,7.743071607286363,80.96122087493661,44.817668828744964,1148.0161686254962,114.7281437277629,2.858686732628072,0.155589576093239,18.76817512512207,35.748931884765625,33.176002502441406,56.171875,1.1994491815567017,472805248.0,66.0,66.0,-6951.493118148271,216.9441410773726
3.512352294921925,74.6964731498099,39.56352651672842,279.5241604362284,19.960949897510133,5.557213397880786e-40,8.015211825685933,77.7999853308388,44.29273900333794,1153.1100377645755,114.73118234220678,5.434912729966319e-40,0.6035302131881206,16.648252487182617,35.529563903808594,32.83793258666992,58.203125,1.250028371810913,486870752.0,66.0,66.0,-6859.519129773538,216.95838523865294
3.7336567382812973,71.21608169314666,39.16365477597563,282.4634809242455,19.970253915363493,5.557213397880786e-40,8.322313254688632,73.79624106089045,43.71106015378063,1158.2735691054838,114.73531392454115,0.19614637653676717,1.0998945771018727,-0.6502498388290405,35.18717956542969,32.531742095947266,60.1640625,1.109036922454834,-2806280.75,66.0,66.0,-6818.8948054335315,217.92455191404363
3.91189599609379,68.33272159599397,38.83522260876026,284.82287151487077,19.97832723903213,5.557213397880786e-40,8.574549492123385,71.03990851818308,43.190729173543666,1162.0244562493751,114.73834643402665,2.867960929870605,1.5439100896022162,-9.07670783996582,34.89644241333008,32.06511688232422,62.0625,1.216425538063049,-249109984.0,66.0,66.0,-6753.705218713227,217.0907022262215
4.11574047851559,65.33023090140308,37.616259325985816,294.6466303218792,19.98765366906865,5.557213397880786e-40,9.510713555443697,67.64924364454775,42.2029246190714,1170.3795548073745,114.74234387176207,2.8374465596037903,2.3868381713816573,-14.289755821228027,33.8416862487793,23.64146614074707,63.9140625,1.293709635734558,-380716608.0,66.0,66.0,-689.6688707844396,217.17195107068312
4.316723388671903,60.94350017590975,35.91952207533105,308.13838463771384,20.00304659834696,5.557213397880786e-40,10.813807946900914,62.40470176622126,40.42196613248679,1186.5324459877922,114.74917511143444,1.624444417682646,3.9065880690209274,-14.663702964782717,30.25344657897949,14.60232925415039,65.7578125,1.7298898696899414,-359915168.0,66.0,66.0,-402.5639630596419,217.03475747728518
4.517024902343792,49.975500607761816,32.23866748744947,336.68541056097615,20.04661212579725,5.557213397880786e-40,13.640704145938809,54.64365744613287,38.53078569368273,1202.399977877327,114.76097696533338,2.7962658720589393,5.520396683306948,-12.703185081481934,27.09026527404785,13.66779613494873,66.8203125,1.6954265832901,-266317968.0,66.0,66.0,-348.76037578524915,217.04102463497003
4.716993896484382,43.15027594687,29.11124320365777,346.3256793799025,20.08415281048721,5.557213397880786e-40,14.558054709467086,48.07683645759993,36.70541095951491,1218.4105719356412,114.7731275407267,5.557213397880786e-40,7.0780485567017255,-16.218799591064453,24.07288360595703,12.969383239746094,67.25,1.614240050315857,-301195648.0,66.0,66.0,-323.72229615005597,217.05415122070178
4.915519775390635,37.8459200861211,26.30483733990276,351.0,20.117249377308447,5.557213397880786e-40,15.0,43.531562060050256,35.12948451815588,1231.306165135885,114.7831087834816,5.557213397880786e-40,8.422841210481574,-15.795609474182127,21.52193260192871,12.422683715820312,67.125,1.6869986057281494,-230973408.0,66.0,66.0,-292.70006569185705,217.05051864237944
5.11641699218751,33.987692718824476,23.78749257531262,351.0,20.146133843483355,5.557213397880786e-40,15.0,39.313511083196076,33.939584482245365,1242.1794666943997,114.79386046272668,5.557213397880786e-40,9.438222047753044,-17.345539093017578,19.396427154541016,12.035507202148438,67.0390625,1.6666754484176636,-185003792.0,66.0,66.0,-287.70460698541245,217.03269141869941
5.31718969726569,31.83729135148945,21.94457456605027,351.0,20.165582844362135,5.557213397880786e-40,15.0,36.4184855317789,32.998823179253534,1250.1963831431283,114.80230887848175,5.557213397880786e-40,10.241005193387855,-16.20107650756836,17.525793075561523,11.806151390075684,66.734375,1.6231921911239624,-106735104.0,66.0,66.0,-260.10878111210843,217.0697500095678
5.519161376953093,29.79208785443098,20.093137077504817,351.15399835250275,20.184892743450337,5.557213397880786e-40,15.0,34.47290160279204,32.17967895842041,1257.112876049711,114.8085714229544,5.557213397880786e-40,10.940006770949154,-11.779521942138672,15.936341285705566,13.120201110839844,66.2578125,1.4880547523498535,-30200394.0,66.0,66.0,-228.23077116863246,217.04489989990847
5.720086914062563,27.898377020831127,18.117193011912107,351.96980778209456,20.205030922538505,5.557213397880786e-40,15.0,32.90233567867419,31.55138938726755,1262.1701439725987,114.81403907171118,5.557213397880786e-40,11.476148987675007,-15.47345733642578,14.70182991027832,13.639711380004885,65.953125,1.3483699560165403,22450388.0,66.0,66.0,-195.81829114646752,217.07548824614966
5.918315429687482,26.908002368809672,16.910925565649002,352.0,20.216653847814595,5.557213397880786e-40,15.0,31.44195239698447,30.939045460628957,1268.0180879593356,114.8194697102276,5.557213397880786e-40,11.998681805807864,-14.72053050994873,13.577807426452637,13.595171928405762,65.7109375,1.413307785987854,85608624.0,66.0,66.0,-195.67246524001862,217.04688837884126
6.117424804687516,25.917827080737034,15.70179376746737,352.0,20.228653698902512,5.557213397880786e-40,15.0,30.623175063353905,30.354742160059182,1272.9933565640067,114.82268857297234,5.557213397880786e-40,12.497287630585326,-17.533342361450195,12.598750114440918,13.512826919555664,65.28125,1.389103889465332,188575568.0,66.0,66.0,-186.26992494106537,216.96133182564517
6.320400390624968,24.8197639148976,14.389967889100113,352.0,20.24281669562511,5.557213397880786e-40,15.0,29.64562127589838,29.75526860673231,1278.1136166553893,114.82670956005575,2.8027913041427595,13.008837865954566,-17.508018493652344,11.712937355041504,13.33092212677002,64.953125,1.392192840576172,294422976.0,66.0,66.0,-178.9058191048853,217.09325706553648
6.521482177734356,24.137397100604478,13.450306377379098,352.0,20.252229043424222,5.557213397880786e-40,15.0,28.827521072114283,29.183047934243618,1283.1401041380673,114.83022674399969,5.557213397880786e-40,13.497133512904247,-17.389616012573242,10.976314544677734,13.212698936462402,64.546875,1.3771265745162964,392703040.0,66.0,66.0,-162.6634081324743,217.07474525421523
6.74210864257816,23.299472772407963,12.50408291794233,352.0,20.264355179056718,3.48498923472899e-40,15.0,28.073922199520783,28.502692389444828,1289.0960976052202,114.8336165038567,4.948088568169294e-40,14.077702753350291,-17.754798889160156,10.193391799926758,20.15171241760254,64.140625,1.775038719177246,516509152.0,66.0,66.0,-173.4085543441326,217.15116993726818
6.925071533203095,22.51788400010021,11.770211740571362,352.0,20.27600871303723,1.516388511553385e-41,15.0,26.949738442078583,27.4040728914771,1298.0,114.8389067783683,1.5633027397337004e-41,14.968825519584863,-17.642770767211914,9.58786392211914,21.158721923828125,63.640625,2.995330572128296,611305344.0,66.0,66.0,-160.33626952701113,217.1335776089857
7.123400390624965,21.00655542592949,11.043323279110941,352.6409687711558,20.301423872636562,3.562000242690485e-40,15.0,24.99376051456197,25.445737848644622,1298.0,114.84895282769695,4.2952676543644105e-40,15.0,-17.313018798828125,8.967748641967773,18.70761489868164,62.671875,4.661290645599365,705918656.0,66.0,66.0,-143.59573951600987,217.79993112709812
7.323460205078163,19.514052149702955,10.330515700128739,353.0,20.328619197615716,3.847390064326168e-40,15.0,23.10504295698264,23.452493774904706,1298.0,114.85984502776547,-5.0933023308783406e-39,15.0,-17.27366065979004,8.394532203674316,16.853479385375977,62.390625,4.994067192077637,823417344.0,66.0,66.0,-137.00531975209807,217.12290217419985
7.526975097656305,18.066726092303796,9.625509770326927,353.0,20.35743300864376,1.3091956452083505e-41,15.0,21.5110578121639,21.679946770360182,1298.0,114.87014034049943,-5.0933023308783406e-39,15.0,-17.50132942199707,8.032170295715332,15.677408218383787,62.6640625,4.813669204711914,955113792.0,66.0,66.0,-143.84309647847323,217.09603197708898
7.725948974609423,16.972797880629958,8.996894091923867,353.0,20.382705282987377,3.5956175503126435e-40,15.0,20.098124210062412,20.16235121266058,1298.0,114.88025588242553,-4.967934563742092e-39,15.0,-17.590288162231445,7.353660106658935,14.403477668762209,62.984375,4.970947265625,1079261440.0,66.0,66.0,-158.7645137606322,217.12855016915955
7.924442626953123,15.982965448875122,8.415319584188298,353.3083418086617,20.4071471751966,3.843692167659295e-40,15.0,18.986031488152648,18.880513911608656,1298.0,114.88900259366325,-0.013150595532264206,15.0,-17.715843200683594,6.862698078155518,13.466914176940918,63.40625,4.865683555603027,1219690112.0,66.0,66.0,-141.04152585856875,217.19197276300997
8.126046386718826,15.078952208266433,7.873621994548895,353.97067589809103,20.431223185092584,1.6296029200927201e-41,15.0,17.947203275058097,17.74456163252577,1298.0048004959815,114.89790022412362,-2.8534235779283423,15.0,-17.961593627929688,6.440911769866943,12.676017761230469,63.6484375,5.119006156921387,1368048896.0,66.0,66.0,-148.44917591311827,217.12562057441073
8.327232666015675,14.314073720270537,7.371640774040233,354.0,20.454125688157326,3.5971382630193135e-40,15.0,16.98339791635485,16.77456433116925,1299.0,114.906880432133,-4.96784413992106e-39,15.0,-17.698225021362305,6.005284309387207,11.949877738952637,64.0078125,4.944196224212647,1479901696.0,66.0,66.0,-151.0993893069823,217.19074981200177
8.527729980468735,13.643962169722757,6.911194758505605,354.0,20.475248959735612,3.8161692190631475e-40,15.0,16.274647808915134,15.90764157614401,1299.0,114.91398848262543,5.557213397880786e-40,15.0,-16.585594177246094,5.618570804595947,11.281490325927734,64.125,4.89502477645874,1497263360.0,66.0,66.0,-155.72518250659627,217.1030119586354
8.727532958984398,13.069733526287889,6.493815900101817,354.0,20.49450103454434,1.8253147485642717e-41,15.0,15.531323409718919,15.157915018383608,1299.0,114.9219482338128,5.557213397880786e-40,15.0,-17.140043258666992,5.289251804351807,10.709766387939451,64.3125,4.93952226638794,1662999936.0,66.0,66.0,-155.2021726245662,217.1821827993548
8.931530517578153,12.520669053299008,6.098193603814859,354.6570762425894,20.514664529433716,3.651512898747272e-40,15.0,14.871014851520933,14.429632504201258,1299.0,114.92952949290924,5.557213397880786e-40,15.0,-17.959592819213867,4.990228176116943,10.228763580322266,64.4296875,4.867465496063232,1876614656.0,66.0,66.0,-141.22293621459065,217.17588009285913
9.13001538085939,11.999524447966747,5.737617123754257,355.0,20.53482654547753,0.5058547337587774,15.0,14.254725414034569,13.821714538461887,1299.0,114.93706170221107,5.557213397880786e-40,15.0,-18.163013458251957,4.673601150512695,9.722721099853516,64.3515625,4.956545352935791,2049007232.0,66.0,66.0,-149.3469306673164,217.2419623784147
9.330825927734395,11.484075934238199,5.396843308406565,355.0,20.555770118221982,1.5503025587936912,15.0,13.789136200709317,13.258323061554295,1299.0,114.94308770628267,5.557053452468188e-40,15.0,-18.15115737915039,4.400004863739014,9.303144454956056,64.3125,5.119587421417236,2204188928.0,66.0,66.0,-146.0881186846568,217.19564819689165
9.53171850585943,11.079677004132535,5.122959660983462,355.0,20.573676929263232,0.5435205962147103,15.0,13.325072224984567,12.726074906757221,1299.0,114.94940506367864,-9.643214339525128e-10,15.0,-17.749677658081055,4.157032489776611,8.919462203979492,64.25,4.814806938171387,2347520000.0,66.0,66.0,-151.75202172174087,217.09063448562938
9.7624162597657,10.613285865316964,4.809626396715501,355.4159701222895,20.595427370813283,5.557213397880786e-40,15.0,12.740616104522907,12.173429916471655,1299.0,114.95787257908103,0.22686665076944618,15.0,-18.13521194458008,3.903309583663941,8.514412879943848,64.0703125,4.880815982818604,2547799296.0,66.0,66.0,-138.57659168424453,217.21715767978682
9.936767089843784,10.257228257050768,4.572094812487124,355.9793651933192,20.612641241134227,5.557213397880786e-40,15.0,12.31652027720579,11.781177926740533,1299.0,114.96434762271092,1.5264977868821528,15.0,-18.23695182800293,3.716731309890747,8.234949111938477,63.90625,4.998198986053467,2705027072.0,66.0,66.0,-143.97135685962516,217.216184136185
10.130528808593795,9.943268792124545,4.344105969025446,356.0,20.62903324225394,5.557213397880786e-40,15.0,12.011954285986025,11.395498569461804,1299.0,114.96922404023582,0.005410354241520928,15.0,-18.34052848815918,3.539156675338745,7.904151916503906,63.8046875,4.977257251739502,2891763200.0,66.0,66.0,-136.18273104196876,217.2855280065742
10.332809082031304,9.638988106414516,4.118778752480167,356.0,20.64548011788688,5.557213397880786e-40,15.0,11.59551152673077,10.988527242672376,1299.0,114.97620746908396,1.5766187106323957,15.0,-18.34520149230957,3.331421375274658,7.585837841033935,63.375,5.154749393463135,3079500288.0,66.0,66.0,-150.7149179372723,217.23691455492812
10.533797119140672,9.358466945422302,3.9069840941551828,356.0,20.661219252033842,5.557213397880786e-40,15.0,11.25791111595608,10.630009704124717,1299.0,114.98214892395235,5.557213397880786e-40,15.0,-18.37686920166016,3.1857244968414307,7.319572448730469,63.125,4.787535667419434,3280584192.0,66.0,66.0,-137.42421010141618,217.21685884721248
10.734592529296947,9.056020383948027,3.72721702499165,356.0,20.679374265706226,5.557213397880786e-40,15.0,10.873439903528645,10.282696789185817,1299.0,114.98924495032453,-1.5352652513602384e-10,15.0,-18.41443634033203,3.03577208518982,7.047066688537598,62.953125,4.867523193359375,3470660608.0,66.0,66.0,-131.11230332255528,217.19865605398482
10.934479492187506,8.786452267122758,3.5598608240373086,356.31771903421054,20.696089181548462,5.557213397880786e-40,15.0,10.499266908405506,9.978244205189037,1299.0,114.99652399357207,-4.435108159139497e-08,15.0,-18.417407989501957,2.911008596420288,6.805497646331787,62.609375,4.993640422821045,3667930880.0,66.0,66.0,-128.65508413765968,217.1877481127697
11.136838867187521,8.547583947669914,3.4011137223746664,356.9721993673634,20.711476000599138,5.557213397880786e-40,15.0,10.205977514828394,9.643056559454061,1300.0,115.00251015516483,5.557213397880786e-40,15.0,-18.420602798461918,2.777883529663086,6.589400768280029,62.390625,4.926243782043457,3855045888.0,66.0,66.0,-154.3959214816283,217.24494219822222
11.338903564453176,8.83521830157231,3.453786652890629,356.3389747234359,20.693085123438834,5.557213397880786e-40,15.0,9.881160227526648,9.32094156605192,1300.0,115.00944179582375,5.557213397880786e-40,15.0,-18.422557830810547,2.6595253944396973,6.334155082702637,62.2578125,4.904645442962647,4054321664.0,66.0,66.0,-147.01972198031413,217.24329372993768
11.541608886718791,8.597305321499183,3.3219395355909667,356.33446264207754,20.70998612854791,5.557213397880786e-40,15.0,9.632320851705872,9.05765400016332,1300.0,115.01499114060944,5.557213397880786e-40,15.0,-18.44979286193848,2.567221641540528,6.117953777313232,62.1171875,5.130231380462647,4269698048.0,66.0,66.0,-141.12320985535862,217.3052962467731
11.740955566406228,7.844915954811366,3.009292739684855,356.9786925161072,20.761351212612748,5.557213397880786e-40,15.0,9.367478424262721,8.78606978024326,1300.0,115.021145573558,5.557213397880786e-40,15.0,-18.49479484558105,2.463376522064209,5.917609214782715,61.90625,4.846307277679443,4494584320.0,66.0,66.0,-151.92822836154684,217.29586115462476
11.94452416992192,7.606262494686653,2.8685651977318467,357.0,20.77976695571285,5.557213397880786e-40,15.0,9.04855701536285,8.549540905509412,1300.0,115.02890087905249,5.557213397880786e-40,15.0,-18.495019912719727,2.37395453453064,5.719161033630371,61.859375,5.093426704406738,4708994048.0,66.0,66.0,-130.57570492644774,217.2758548676265
12.139757812499965,7.392950192632656,2.751455124482583,357.33515613525094,20.79703303704078,5.557213397880786e-40,15.0,8.827140878126302,8.308094426982976,1300.0,115.0345247124626,5.557213397880786e-40,15.0,-18.465574264526367,2.2757232189178467,5.525147438049316,61.6796875,4.849039554595947,4909250048.0,66.0,66.0,-144.43609507702664,217.28828290909263
12.34256738281249,7.170617647972842,2.641585841867004,358.0,20.815592142534587,5.557213397880786e-40,15.0,8.647502573726188,8.074893182143352,1300.0,115.03925215165786,5.557213397880786e-40,15.0,-18.44249153137207,2.188735246658325,5.3636980056762695,61.5546875,4.903938293457031,5125432832.0,66.0,66.0,-147.9743797342129,217.23235600076222
12.541429931640664,7.027173504546067,2.5489132516968582,358.0,20.82826221949619,5.557213397880786e-40,15.0,8.393219429091353,7.838414888125439,1300.0,115.04620448536946,5.557213397880786e-40,15.0,-18.485105514526367,2.105375289916992,5.177359104156494,61.4609375,5.212847232818604,5358383616.0,66.0,66.0,-126.3084202497431,217.25076635525926
12.763999267578129,6.8318142650922224,2.4648097793378647,358.0,20.84616127344245,3.298829131280764e-40,15.0,8.152906236471777,7.613270251656554,1300.0,115.05307530077444,5.557213397880786e-40,15.0,-18.436325073242188,2.0270919799804688,5.008444309234619,61.3359375,5.299289226531982,5583327744.0,66.0,66.0,-140.458512722605,217.30368567789833
12.95452099609372,6.642153740388553,2.4041313829332367,358.0,20.863935642813626,1.5386252492157763e-41,15.0,7.976741399698945,7.413562103649742,1300.0,115.0582982537177,5.557213397880786e-40,15.0,-18.461334228515625,1.9738478660583496,4.849488735198975,61.15625,5.121424198150635,5800512512.0,66.0,66.0,-137.5259128938081,217.14283201182164
13.143514648437531,6.473845261807221,2.303366843547326,358.0,20.88070964625461,3.723275754789611e-40,15.0,7.7198999172638105,7.2247214206893045,1300.0,115.06623461566643,5.557213397880786e-40,15.0,-18.55332374572754,1.9065089225769043,4.698580741882324,61.03125,5.086984157562256,6057079296.0,66.0,66.0,-139.82364505657793,217.2914561461008
13.342461669921931,6.32577058868544,2.2241553883163285,358.3280510284649,20.89579907176282,5.557213397880786e-40,15.0,7.488225724843239,7.0416193977378025,1300.0,115.07374021645192,5.557213397880786e-40,15.0,-18.43587684631348,1.879901885986328,4.563708782196045,60.78125,5.151634693145752,6239332352.0,66.0,66.0,-145.69842090124357,217.2951836023338
13.54262817382812,6.204701845180341,2.1702251211704744,358.9728130770271,20.908517518697003,5.557213397880786e-40,15.0,7.334453679572294,6.855428511502613,1300.0,115.07892259724822,5.557213397880786e-40,15.0,-18.5540714263916,1.8095468282699585,4.414801597595215,60.7421875,4.805200099945068,6535240192.0,66.0,66.0,-133.28700874686112,217.3121472938125
13.743651855468784,6.039496686377598,2.1128750607345697,359.0,20.926771642868168,5.557213397880786e-40,15.0,7.171043696135938,6.672728998393593,1300.0,115.0846020832271,5.557213397880786e-40,15.0,-18.54111099243164,1.7661274671554563,4.262266159057617,60.484375,4.731593132019043,6788890624.0,66.0,66.0,-135.49364597666164,217.32508671421306
13.952988281249986,5.863283597341447,2.046654740933477,359.0,20.946954748893255,5.557213397880786e-40,15.0,6.916365065837964,6.486882348840136,1300.0,115.09386899278368,5.557213397880786e-40,15.0,-18.54792022705078,1.7098225355148315,4.143056869506836,60.4765625,4.991424083709717,7041067008.0,66.0,66.0,-140.4058798016456,218.34189382817777
14.146127197265628,5.698915367851886,1.9803560821473045,359.0,20.966332760488626,5.557213397880786e-40,15.0,6.794735922429455,6.330465053923712,1300.0,115.09847022759477,5.557213397880786e-40,15.0,-18.546770095825195,1.6818865537643433,4.006512641906738,60.1171875,4.835276126861572,7285187072.0,66.0,66.0,-130.96192003658703,217.44641776989127
14.34905273437505,5.570979567405787,1.943848474620465,359.0,20.98232061263661,5.557213397880786e-40,15.0,6.6427747755329705,6.19871257262793,1301.0,115.10440408560564,5.557213397880786e-40,15.0,-18.401803970336918,1.8238059282302856,4.0590996742248535,60.0625,4.93665075302124,7534947328.0,66.0,66.0,-146.50807238868353,217.32496329234885
14.545908691406225,5.427433469225398,1.9019358211693353,359.3386088474214,21.000903575070954,5.557213397880786e-40,15.0,6.489936345787846,6.026712609717807,1301.0,115.11057178546734,5.557213397880786e-40,15.0,-18.544097900390625,1.6283140182495115,3.792610883712769,59.9921875,5.164823055267334,7780272640.0,66.0,66.0,-146.27612606834506,217.3443576363857
14.75301367187501,5.2582282281777735,1.8518437205554312,360.0,21.023398770595506,5.557213397880786e-40,15.0,6.286257774552526,5.865381203980079,1301.0,115.11914587911211,5.5559032462640154e-40,15.0,-18.544410705566406,1.5889707803726196,3.688974618911743,59.7890625,4.962955951690674,8055861760.0,66.0,66.0,-136.44217536412341,217.3208809147443
14.955469238281239,5.115649677550125,1.8132863410748823,360.0,21.043581711498206,5.557213397880786e-40,15.0,6.164252234728721,5.715466734852437,1301.0,115.12448635730084,5.523043727491476e-40,15.0,-18.57597541809082,1.5465667247772217,3.58442759513855,59.65625,5.032726764678955,8340535296.0,66.0,66.0,-143.6904908735482,217.33191189859062
15.151142333984353,5.022403775209171,1.7794990323579927,360.0,21.05697934229011,5.557213397880786e-40,15.0,5.9972754541318976,5.557271251474926,1301.0,115.1320523089381,5.557213397880786e-40,15.0,-18.571495056152344,1.499339938163757,3.473773717880249,59.4453125,5.040086269378662,8587087872.0,66.0,66.0,-123.16314999806838,217.38304485679174
15.352489990234403,5.007891196139228,1.7476900844837187,358.3801946621804,21.065475298856153,5.557213397880786e-40,15.0,5.93965642384617,5.4260206852851445,1298.749372053841,115.13724421472703,5.557213397880786e-40,15.0,-18.596923828125,1.4946664571762085,3.412989616394043,59.28125,5.188480377197266,8847042560.0,66.0,66.0,-155.68094303144946,217.29680452071358
16.59512377929684,14.615214987207418,1.6088782803065935,0.0,21.07430076599121,2.022402234730097e-40,15.0,14.419068887403316,4.085899284630559,950.0,115.14537048339844,5.557213397880786e-40,15.0,-18.53324317932129,1.0280869007110596,2.607804298400879,58.203125,4.803343772888184,9016482816.0,0.0,66.0,-134.8580457324703,217.4045415108868
19.529423583984453,16.079152847740712,1.6453873118038804,0.0,21.07430076599121,-2.5515325896278045e-08,15.0,15.852375501096205,2.235688028718936,950.0,115.14537048339844,5.557213397880786e-40,15.0,-18.70738220214844,1.0249961614608765,1.2286852598190308,53.515625,3.852410078048706,9016482816.0,0.0,66.0,-153.48222658540294,217.48998084640772
20.31675927734375,16.440530591063748,1.6514837498930617,0.0,21.07430076599121,-5.951717912614955e-09,15.0,16.225277086832456,1.7842063818690002,950.0,115.14537048339844,5.557213397880786e-40,15.0,-18.71198081970215,1.0291171073913574,1.1324248313903809,52.9140625,3.166494607925415,9016482816.0,0.0,66.0,-142.28444868475384,217.52053810925824
20.517077636718795,16.532474341699846,1.6530348398364703,0.0,21.07430076599121,-9.742351339248208e-10,15.0,16.320152798035544,1.6693378911505796,950.0,115.14537048339844,5.557213397880786e-40,15.0,-18.73634910583496,0.9972543120384216,1.1170458793640137,52.6640625,3.1224560737609863,9016482816.0,0.0,66.0,-146.2721653952721,217.51593875163965
21.401670898437487,16.897114357568515,1.6543018420368785,0.0,21.07430076599121,8.387438587725458e-47,15.0,16.739117964747436,1.1620858689678921,950.0,115.14537048339844,5.557213397880786e-40,15.0,-18.76165771484375,1.0125138759613037,1.0604275465011597,52.140625,2.276923418045044,9016482816.0,0.0,66.0,-132.6505009726226,217.5515025532927
22.104182128906245,17.18638362816441,1.6520926109577627,0.0,21.07430076599121,5.557213397880786e-40,15.0,17.074539698271774,1.0506836522227,950.0,115.14537048339844,0.45690067208732343,15.0,-18.7581787109375,1.0264146327972412,1.0383445024490356,51.6875,1.5628228187561035,9016482816.0,0.0,66.0,-152.1163761011103,217.5833075270318
22.52513989257818,17.405202896636457,1.7193661849912076,0.0,21.07430076599121,5.557213397880786e-40,15.0,17.190141606934944,1.0198977770961262,950.0,115.14537048339844,1.3484768206363664e-40,15.0,-18.76297187805176,1.0314911603927612,1.0300726890563965,51.3359375,1.0779190063476562,9016482816.0,0.0,66.0,-148.6932128788263,217.5662131699425
22.647380371093732,17.448530444473118,1.706971716199555,0.0,21.07430076599121,5.557213397880786e-40,15.0,17.218837554335913,1.0174177966505151,950.0,115.14537048339844,2.0856048291332135e-40,15.0,-18.7702579498291,1.0302518606185913,1.0237867832183838,51.2578125,0.9746963381767272,9016482816.0,0.0,66.0,-149.745987384768,217.57327319339848
22.748363525390687,17.47958348194115,1.6857407789644923,0.0,21.07430076599121,5.557213397880786e-40,15.0,17.254831796418763,1.0224933198725772,950.0,115.14537048339844,4.974086790522524e-40,15.0,-18.77431869506836,1.0308043956756592,1.0209200382232666,51.28125,1.0003063678741455,9016482816.0,0.0,66.0,-153.57651746562445,217.58511684486098
22.80974560546872,17.498458907706958,1.6728356652495644,0.0,21.07430076599121,5.557213397880786e-40,15.0,17.27116259871474,1.0209909670550283,950.0,115.14537048339844,5.557213397880786e-40,15.0,-18.74721908569336,1.050662636756897,1.0713719129562378,51.15625,0.8714229464530945,9016482816.0,0.0,66.0,-153.69675673027407,217.59654328395132
22.867458007812502,17.516050673247662,1.662799669195221,0.0,21.07430076599121,5.557213397880786e-40,15.0,17.283923033255192,1.017433532208648,950.0,115.14537048339844,5.557213397880786e-40,15.0,-18.78133583068848,1.0196956396102903,1.0218307971954346,51.15625,0.8374749422073364,9016482816.0,0.0,66.0,-151.19966129695223,217.61228358123225
22.94029833984382,17.537109923823074,1.6655907973808253,0.0,21.07430076599121,5.557213397880786e-40,15.0,17.300028311341766,1.012943600671115,950.0,115.14537048339844,5.557213397880786e-40,15.0,-18.777931213378903,1.0318495035171509,1.0255038738250732,51.2109375,0.8472279906272888,9016482816.0,0.0,66.0,-148.04801185783217,217.63214982199946
22.96963256835943,17.545590896541334,1.6667148393741769,0.0,21.07430076599121,5.557213397880786e-40,15.0,17.306514222299665,1.0111354172915445,950.0,115.14537048339844,5.557213397880786e-40,15.0,-18.785831451416016,1.030759572982788,1.0007630586624146,51.2109375,0.7789096236228943,9016482816.0,0.0,66.0,-146.77878089374914,217.6401503462991
23.027499511718815,17.56232111215477,1.6689322106041116,0.0,21.07430076599121,5.557213397880786e-40,15.0,17.323936229695995,1.0131706344198994,950.0,115.14537048339844,5.557213397880786e-40,15.0,-18.78023147583008,1.0233536958694458,1.0094380378723145,51.109375,0.7841241955757141,9016482816.0,0.0,66.0,-144.43447096330686,217.6139670922493
23.090970947265646,17.580671671910416,1.671364337254212,0.0,21.07430076599121,5.557213397880786e-40,15.0,17.343124943097717,1.0154990435650868,950.0,115.14537048339844,5.557213397880786e-40,15.0,-18.792221069335938,1.024339199066162,1.005914330482483,51.109375,0.7240237593650818,9016482816.0,0.0,66.0,-141.91860360866832,217.57064497847443
23.174180908203198,17.600814652778464,1.6722670499794048,0.0,21.07430076599121,5.557213397880786e-40,15.0,17.36841425163894,1.0184685733963286,950.0,115.14537048339844,5.557213397880786e-40,15.0,-18.77787208557129,1.030162334442139,1.031730055809021,50.9921875,0.726254403591156,9016482816.0,0.0,66.0,-138.62034475411517,217.51385043201614
23.38711059570312,17.611229994750882,1.6505593493491018,0.0,21.07430076599121,5.557213397880786e-40,15.0,17.45617874536824,1.0091743873260537,950.0,115.14537048339844,5.557213397880786e-40,15.0,-18.783740997314453,1.0279077291488647,1.0186057090759275,51.0390625,0.6209567785263062,0.0,0.0,0.0,-146.716137873949,217.64144004282454
23.573339843749977,17.686462307744243,1.6533616608590123,0.0,21.07430076599121,5.557213397880786e-40,15.0,17.471709395205906,1.0131996547669553,950.0,115.14537048339844,5.557213397880786e-40,15.0,-18.78060531616211,1.0656384229660034,1.040345311164856,50.9609375,0.594164252281189,0.0,0.0,0.0,-144.09492477685177,217.59043068130902
23.77349316406253,17.808733900353236,1.6692611982857637,0.0,21.07430076599121,5.557213397880786e-40,15.0,17.589778433899973,1.0379471986614006,950.0,115.14537048339844,5.557213397880786e-40,15.0,-18.79378890991211,1.042898416519165,1.0190834999084473,50.7890625,0.5230196714401245,0.0,0.0,0.0,-147.36060019154039,217.59605868736725
23.975214599609444,17.88912389091228,1.6616650259900578,0.0,21.07430076599121,5.557213397880786e-40,15.0,17.621086349860644,1.0151009888076468,950.0,115.14537048339844,5.557213397880786e-40,15.0,-18.7984619140625,1.0457055568695068,0.9966570734977722,50.734375,0.4532563686370849,0.0,0.0,0.0,-149.96589789572673,217.6193972952494
24.17594189453132,17.936835517535638,1.659536335509099,0.0,21.07430076599121,5.557213397880786e-40,15.0,17.674073221313172,1.029128966240848,950.0,115.14537048339844,5.557213397880786e-40,15.0,-18.792892456054688,1.0446454286575315,1.018411636352539,50.734375,0.4586117267608642,0.0,0.0,0.0,-150.37031380963148,217.60798183798877
24.37630932617185,17.965514514428612,1.661729484708502,0.0,21.07430076599121,5.557213397880786e-40,15.0,17.70657193214417,1.0319170026347366,950.0,115.14537048339844,5.557213397880786e-40,15.0,-18.79931259155273,1.0397629737854004,1.0154403448104858,50.640625,0.4187553822994232,0.0,0.0,0.0,-153.8316754859813,217.61549242138082
24.581173583984423,18.048353397393008,1.6681697344438067,0.0,21.07430076599121,5.557213397880786e-40,15.0,17.76570366680849,1.0739551673771177,950.0,115.14537048339844,5.557213397880786e-40,15.0,-18.63583374023437,1.2341798543930054,1.1956727504730225,50.46875,0.2867738306522369,0.0,0.0,0.0,-149.43054370098668,217.56839297895283
24.781451904296887,18.106713276738198,1.6870715679638764,0.0,21.07430076599121,5.557213397880786e-40,15.0,17.846775773520278,1.0428348248796016,950.0,115.14537048339844,5.557213397880786e-40,15.0,-18.80858612060547,1.0387476682662964,1.0197852849960327,50.484375,0.2724170982837677,0.0,0.0,0.0,-146.29088081010016,217.64344786138454
24.982156494140668,18.152105410640644,1.7085116559392597,0.0,21.07430076599121,5.557213397880786e-40,15.0,17.892056951885387,1.0346619463152307,950.0,115.14537048339844,5.557213397880786e-40,15.0,-16.959556579589844,1.0362242460250854,1.0144250392913818,50.46875,0.2334899008274078,0.0,0.0,0.0,-137.52669967469467,217.61026263919192
25.18165307617187,18.214345419724367,1.6765046816140925,0.0,21.07430076599121,5.557213397880786e-40,15.0,17.965202989358072,1.0634662231417216,950.0,115.14537048339844,5.557213397880786e-40,15.0,-18.81287002563477,1.0454964637756348,1.0164556503295898,50.4296875,0.2002433091402053,0.0,0.0,0.0,-152.76693423982599,217.6775898518465
25.381416748046945,18.259714682987603,1.66989693207191,0.0,21.07430076599121,5.557213397880786e-40,15.0,17.98459764194001,1.0567185377349535,950.0,115.14537048339844,5.557213397880786e-40,15.0,-18.82711410522461,1.0413904190063477,1.0160824060440063,50.34375,0.161915510892868,0.0,0.0,0.0,-145.46280187644166,217.6562338027447
25.582447509765643,18.294407173995314,1.6774906797997775,0.0,21.07430076599121,5.179692370128492e-40,15.0,18.029387074782935,1.0574545890423925,950.0,115.14537048339844,5.557213397880786e-40,15.0,-18.814573287963867,1.04136061668396,1.019486665725708,50.296875,0.1029243394732475,0.0,0.0,0.0,-135.51205560063664,217.5961586935077
25.778856689453164,18.335292615948614,1.6553798658457384,0.0,21.07430076599121,1.5591520337345004e-40,15.0,18.059876401931263,1.0733422663043333,950.0,115.14537048339844,5.557213397880786e-40,15.0,-17.877904891967773,1.0416144132614136,0.9924017190933228,50.2109375,0.0574505217373371,0.0,0.0,0.0,-149.5199162025393,217.65866512888311
25.980492919921858,18.397205471365975,1.6555697614559672,0.0,21.07430076599121,2.1709470841848424e-40,15.0,18.11168847471637,1.0797576189212665,950.0,115.14537048339844,5.557213397880786e-40,15.0,-16.248706817626953,1.0319092273712158,0.9922524094581604,50.1640625,0.0084888022392988,0.0,0.0,0.0,-133.99422819224793,217.6372305445641
26.181525390624984,18.473318428422118,1.6699015085629867,0.0,21.07430076599121,5.557213397880786e-40,15.0,18.131264517442872,1.0876657398529777,950.0,115.14537048339844,5.557213397880786e-40,15.0,-17.77792739868164,1.0291171073913574,1.0092439651489258,50.0234375,0.0102683939039707,0.0,0.0,0.0,-153.69205831542558,217.64975642456565
26.3794816894532,18.54846911833375,1.661138884911709,0.0,21.07430076599121,5.557213397880786e-40,15.0,18.192001247089866,1.084615973018485,950.0,115.14537048339844,5.557213397880786e-40,15.0,-16.527603149414062,1.0317599773406982,0.9976873397827148,49.9453125,0.0,0.0,0.0,0.0,-145.27359540414827,217.6238199538664
26.580908447265642,18.588810423509617,1.6597460355312974,0.0,21.07430076599121,5.557213397880786e-40,15.0,18.287364212517904,1.087871946915157,950.0,115.14537048339844,5.557213397880786e-40,15.0,-18.14460182189941,1.0446454286575315,1.0024055242538452,49.8359375,0.0,0.0,0.0,0.0,-147.05254927118602,217.62672922499746
26.781319091796945,18.60474528850347,1.6633859963521425,0.0,21.07430076599121,-2.3636845122655326e-09,15.0,18.301818764256762,1.0932420260646272,950.0,115.14537048339844,5.557213397880786e-40,15.0,-17.449010848999023,1.04631769657135,1.0106922388076782,49.8359375,0.0,0.0,0.0,0.0,-150.92147479121232,217.66649829402184
26.986036621093717,18.641803536592352,1.6626057511713552,0.0,21.07430076599121,-3.270295447722686e-08,15.0,18.264167049032253,1.0677705701644864,950.0,115.14537048339844,5.557213397880786e-40,15.0,-15.386737823486328,1.0508567094802856,1.0175306797027588,49.75,0.0,0.0,0.0,0.0,-133.75043902080012,217.62148707139292
27.187183593749978,18.69611661454056,1.6629975371305066,0.0,21.07430076599121,-2.6779855665156973e-08,15.0,18.38504031514521,1.0810032593079462,950.0,115.14537048339844,5.557213397880786e-40,15.0,-17.957054138183594,1.034999966621399,1.0048093795776367,49.7265625,0.0,0.0,0.0,0.0,-136.41332238963614,217.68839325507417
27.385089599609387,18.755937248332117,1.6633380322404083,0.0,21.07430076599121,5.2177251182879315e-40,15.0,18.38076016688525,1.0775721961182294,950.0,115.14537048339844,5.557213397880786e-40,15.0,-16.84521484375,1.0159330368041992,0.989057183265686,49.6640625,0.0,0.0,0.0,0.0,-136.63645935058594,217.69672157821566
27.58835668945312,18.762270083162278,1.6555200521597349,0.0,21.07430076599121,1.4583072716463676e-40,15.0,18.45759381889942,1.0956607965796474,950.0,115.14537048339844,5.557213397880786e-40,15.0,-18.146678924560547,1.0336412191390991,1.0021069049835205,49.5625,0.0,0.0,0.0,0.0,-140.52752061817617,217.88720934708385
27.789281250000045,18.818274956446658,1.6537865361295085,0.0,21.07430076599121,2.2489631888661057e-40,15.0,18.52575094693484,1.1096267993006061,950.0,115.14537048339844,5.557213397880786e-40,15.0,-17.650564193725586,1.036970853805542,1.0000762939453125,49.59375,0.0,0.0,0.0,0.0,-147.9421576067314,217.67233618579832
27.987181396484402,18.89737926895047,1.654193014162795,0.0,21.07430076599121,5.557213397880786e-40,15.0,18.520552046915814,1.121450222573947,950.0,115.14537048339844,5.557213397880786e-40,15.0,-18.22503662109375,1.0413157939910889,0.997403621673584,49.4765625,0.0,0.0,0.0,0.0,-145.82796222537567,217.6270102584859
28.186990234375003,18.901022445803058,1.6377881480268124,0.0,21.07430076599121,5.557213397880786e-40,15.0,18.581166985597125,1.0834762927677613,950.0,115.14537048339844,5.557213397880786e-40,15.0,-17.909469604492188,1.036955952644348,0.9862650632858276,49.421875,0.0,0.0,0.0,0.0,-134.80087208908304,217.69147604454741
28.388229003906304,18.916498538579216,1.6424831841399874,0.0,21.07430076599121,5.557213397880786e-40,15.0,18.532195687085117,1.0781089503266605,950.0,115.14537048339844,5.557213397880786e-40,15.0,-16.256633758544922,1.0211738348007202,0.9873849153518676,49.3046875,0.0,0.0,0.0,0.0,-153.51148888569946,217.71125287403677
28.595744628906232,19.03580191415944,1.6910537090931834,0.0,21.07430076599121,5.557213397880786e-40,15.0,18.65770419312407,1.108440020874607,950.0,115.14537048339844,5.557213397880786e-40,15.0,-18.09843635559082,1.044988751411438,1.0104981660842896,49.25,0.0,0.0,0.0,0.0,-135.5165042831787,217.70850562523137
28.792747314453095,19.74887362954116,1.919016621661947,0.0,21.07430076599121,5.557213397880786e-40,15.0,18.634611959902198,1.0918602004858837,950.0,115.14537048339844,5.557213397880786e-40,15.0,-17.324382781982422,1.0465714931488037,1.00022554397583,49.25,0.0,0.0,0.0,0.0,-148.2648523094839,217.7416221689684
28.99386083984382,19.62845141878168,1.8595017580128672,0.0,21.07430076599121,5.557213397880786e-40,15.0,18.686134083620253,1.100356238644947,950.0,115.14537048339844,5.557213397880786e-40,15.0,-18.3018856048584,1.0355374813079834,1.0030475854873655,49.2109375,0.0,0.0,0.0,0.0,-142.97533979649427,217.72457282562138
29.192002441406316,19.06559336047134,1.6494805375842003,0.0,21.07430076599121,5.557213397880786e-40,15.0,18.700247674575458,1.0829658500477402,950.0,115.14537048339844,5.557213397880786e-40,15.0,-17.65546226501465,1.0277882814407349,1.0010467767715454,49.1015625,0.0,0.0,0.0,0.0,-149.9609728179777,217.7465238312145
29.392750244140643,19.10424011667491,1.6591773370742606,0.0,21.07430076599121,5.557213397880786e-40,15.0,18.73331909875433,1.0894933249269316,950.0,115.14537048339844,5.557213397880786e-40,15.0,-16.240673065185547,1.016963243484497,0.9872804284095764,49.0546875,0.0,0.0,0.0,0.0,-141.6536907569783,217.7426845847936
29.597390625000003,19.11971564477606,1.653078613752167,0.0,21.07430076599121,5.557213397880786e-40,15.0,18.837974596799093,1.1076687760998656,950.0,115.14537048339844,5.557213397880786e-40,15.0,-18.208148956298828,1.03404438495636,0.9959702491760254,49.0546875,0.0,0.0,0.0,0.0,-140.05405211490785,217.78739365831888
29.793264404296906,19.12108188995326,1.6382564314442112,0.0,21.07430076599121,5.557213397880786e-40,15.0,18.819586996733292,1.0963917147714368,950.0,115.14537048339844,5.557213397880786e-40,15.0,-17.091144561767578,1.027400016784668,0.9904159307479858,48.9453125,0.0,0.0,0.0,0.0,-137.42807496876304,217.77084503113923
29.994283935546946,19.122484027421986,1.6230448592248814,0.0,21.07430076599121,5.557213397880786e-40,15.0,18.8780811060141,1.1238470046937263,950.0,115.14537048339844,5.557213397880786e-40,15.0,-18.355623245239254,1.0229356288909912,0.9992849230766296,48.90625,0.0,0.0,0.0,0.0,-134.61150395021286,217.74956829586668
